job_id,step,gene,sequence,pam,plddt_mean,iptm,fraction_disordered,has_clash,structural_confidence,verdict,efficacy_proxy,safety_score,assassin_score
fold_meta_angiogenesis_vegfa_02,angiogenesis,VEGFA,AGCCTCTTTCCTGCTAGAGC,NGG,64.16,0.34,0.0,0.0,0.491,PASS,0.7,1.0,0.64825
fold_meta_extravasation_icam1_00,extravasation,ICAM1,AGTTCACTGCAATCTCTGCC,NGG,65.93,0.36,0.0,0.0,0.51,PASS,0.75,1.0,0.668355
fold_meta_micrometastasis_formation_cxcr4_03,micrometastasis_formation,CXCR4,TTTCATTTCCTCACTCTCCC,NGG,66.13,0.36,0.0,0.0,0.511,PASS,0.7,1.0,0.64825
fold_meta_micrometastasis_formation_cxcr4_06,micrometastasis_formation,CXCR4,TTTCATTTCCTCACTCTCCC,NGG,68.97,0.38,0.0,0.0,0.535,PASS,0.7,1.0,0.64825
fold_meta_primary_growth_braf_04,primary_growth,BRAF,ATCCAGACAACTGTTCAAAC,NGG,67.24,0.35,0.0,0.0,0.511,PASS,0.65,1.0,0.6285050000000001
meta_angiogenesis_vegfa_05,angiogenesis,VEGFA,AGCCTCTTTCCTGCTAGAGC,NGG,66.73,0.38,0.0,0.0,0.524,PASS,0.7,1.0,0.64825
meta_extravasation_icam1_01,extravasation,ICAM1,AGTTCACTGCAATCTCTGCC,NGG,65.52,0.34,0.0,0.0,0.498,PASS,0.75,1.0,0.668355
meta_intravasation_mmp2_07,intravasation,MMP2,ATCCCAGCACTTTGGGAGGC,NGG,65.88,0.35,0.0,0.0,0.504,PASS,0.65,1.0,0.6282500000000001
meta_intravasation_mmp2_08,intravasation,MMP2,ATCCCAGCACTTTGGGAGGC,NGG,62.49,0.33,0.0,0.0,0.477,PASS,0.65,1.0,0.6282500000000001
meta_metastatic_colonization_met_09,colonization,MET,CAATGCTTTCCTATCTATAG,NGG,65.45,0.36,0.0,0.0,0.507,PASS,0.6,0.8,0.54825
meta_local_invasion_twist1_10,local_invasion,TWIST1,ATATTTGTCCCATTTACTGA,NGG,67.88,0.38,0.0,0.0,0.529,PASS,0.55,0.6,0.46825
meta_local_invasion_twist1_11,local_invasion,TWIST1,ATATTTGTCCCATTTACTGA,NGG,63.82,0.36,0.0,0.0,0.499,PASS,0.55,0.6,0.46825
meta_survival_in_circulation_bcl2_12,circulation,BCL2,CGGAGAGCGGCGGGCGGGAG,NGG,63.04,0.35,0.0,0.0,0.49,PASS,0.4,0.6,0.40825
meta_survival_in_circulation_bcl2_13,circulation,BCL2,CGGAGAGCGGCGGGCGGGAG,NGG,63.84,0.35,0.0,0.0,0.494,PASS,0.4,0.6,0.40825
meta_primary_growth_braf_14,primary_growth,BRAF,ATCCAGACAACTGTTCAAAC,NGG,67.36,0.37,0.0,0.0,0.522,PASS,0.65,1.0,0.6285050000000001
